washed_mol	Formula	FW	DSSTox_CID	Active
O=C(OCCCCCCC)CCCCCCCCCCCCCCCCCCCCCCCCCCCCCCCCCCCCCCCCCCCCCCC	C	0	0	1
O=C(OCCCCCCCCCCC)CCCCCCCCCCCCCCCC	C	0	0	1
c(C(C)c1)cccc1	C	0	0	1
I(C(C)CC)CCCCCCCCCCC	C	0	0	1
O=C(OCCCC)CCCCCC	C	0	0	1
B=C(C(C)CC)CCCCCCCCCC	C	0	0	1
N(C(C)CC)CCCCCCCCCCCCCCCCCCCCCC	C	0	0	1
N(C(C)CC)CCCCCCCCCCCCC	C	0	0	1
O=C(OCCCCC)CCCCCCCCCCCCCCCCCCCCCCCCCCCCCCCCCC	C	0	0	1
P(C(C)CC)CCCCCCCC	C	0	0	1
O=C(OCCCC(C)CC)CCCCCCCCCCCCCCCCCCCCCCCCCCCCCCCCCCCCCCCCCCCCC	C	0	0	1
B=C(C(C)CC)c1ccccc1	C	0	0	1
B=C(C(CC)CCC)CCCCCC	C	0	0	1
O=C(OCCCCCCCCCCCCCCCCCCCCCCCC)CCCCCCCCC	C	0	0	1
O=C(OCC(C)CC)CCCCCCCC	C	0	0	1
c(C(C)c1)cccc1	C	0	0	1
Fc1ccc(C)cc1	C	0	0	1
O=C(OC(C)CC)CCCCCCCCCCCCCCCCCCCCCCCC	C	0	0	1
S=C(C(C)CC)CCCCCCCCCCCC	C	0	0	1
O=C(OCCCCCCCC)CCCCCCCCCCCCC	C	0	0	1
O=C(OCCCCCC)CCCCCCCCCCCC	C	0	0	1
B=C(C(C)CC)CCCCCC	C	0	0	1
O=C(OCCCCC)CCCCCCCCCCCCCCCCCC	C	0	0	1
B=C(C(CC)CCCCCCCCC)CCCCCCC	C	0	0	1
P(=O)([O-])c1ccccccccccccc1	C	0	0	1
P(=O)[C@@H]([C-])c1ccccc1	C	0	0	1
N(C(C)CC)c1ccccc1	C	0	0	1
P(=O)(=O)[C@@H]([O-])c1ccccccccccccccc1	C	0	0	1
I(=O)(=O)[C-](CC)c1ccccc1	C	0	0	1
c1ccc(C)cc1	C	0	0	1
N(C(C)CC)CCCCCCCCCCCCCCC	C	0	0	1
O=C(OCCCC)CCCCCCC	C	0	0	1
N(CC(C)CC(C)CC)CCCCCCCCCCCCCCCCCCCCCCCCCCCCCCCC	C	0	0	1
N(C(C)CC)CCCCCCCCCCCCC	C	0	0	1
O=C([O-])c1ccccccccccc1	C	0	0	1
S(C(C)CC)CCCCCCC	C	0	0	1
N(C(C)CC)CCCCCC	C	0	0	1
I(=C(C)CC(C)CC)CCCCCCCCCCCCCCCCCCCCCC	C	0	0	1
B=C(C(C)CC)CCCCCCCCCCCCC	C	0	0	1
I(=C(C)CC(C)CC)CCCCCCCCCCCCC	C	0	0	1
B=C(C(C)CC)CCCCCCCCCCCC	C	0	0	1
S(C(C)CC)CCCCCC	C	0	0	1
B=C(C(C)CC)c1ccccc1	C	0	0	1
O=C(OCCCC)CCCCCCCC	C	0	0	1
I(=O)([O-])c1ccccccccccc1	C	0	0	1
O=C(OCCCC)CCCCCCCCCCCCC	C	0	0	1
O=C(OCCCCCCC)CCCCCCCCCCCCC	C	0	0	1
O=C(OCCCCCCCCCCCCCCCCC)CCCCCCCCCCCCCCCCCCCCCCCCC	C	0	0	1
N(C(C)CC)CCCCCCCCCC	C	0	0	1
B=C1cccccccccc1	C	0	0	1
S(C(C)CC)CCCCCCCCCCCCCCCCCCCCCCCC	C	0	0	1
c1ccc(C)cc1	C	0	0	1
B=C(C(C)CC)CCCCCCCCCCCCCC	C	0	0	1
B=C(OCCCCC)CCCCCCCCC	C	0	0	1
I(C(C)CC)CCCCCCCCCCCCCCCCCCC	C	0	0	1
B=C(C(C)CCCCCCCCCC)CCCCCCCCC	C	0	0	1
B=C1cccccccccccccccccccccc1	C	0	0	1
B=C(C(C)CCCCCCCC)CCCCCCCCCC	C	0	0	1
N(C(C)CC)CCCCCCCCCCCCCCC	C	0	0	1
P(=O)(=C)CCCCCCCCCCCC	C	0	0	1
B=C(C(C)CC)CCCCCCC	C	0	0	1
N(C(C)CC)CCCCCCCC	C	0	0	1
O=C(OCCCC)CCCCCC	C	0	0	1
O=C([O-])c1ccccc1	C	0	0	1
B=C(OCCCCC)CCCCCC	C	0	0	1
N(C(C)CCCCCCCCCCC)CCCCCCCCCCCC	C	0	0	1
O=C(OC(C)CC)CCCCCCCCCCCCCCCCCCCCC	C	0	0	1
I(=O)(C)c1ccccc1	C	0	0	1
N(C(C)CC)CCCCCCCCCC	C	0	0	1
I(=O)([O-])c1ccccccccccccc1	C	0	0	1
B=C(C(C)CC)CCCCCCCCCCCCCCCCCCCCCCCCCCCCCCCCCCCCCCCCCCC	C	0	0	1
[C@H](CC)CCCCCCCCCCCCCCCCCCCCCCC	C	0	0	1
B=C(C(C)CCCCCCCCCC)CCCCCCCCCCCC	C	0	0	1
N(C(C)CC)CCCCCCCCCCC	C	0	0	1
N(C(C)CC)CCCCCCCCCCCCCCCC	C	0	0	1
P=C(C(C)CC)CCCCCCCCCCC	C	0	0	1
S(=C)(CC(C)C)CCCCCCCCCCCCCCC	C	0	0	1
N(C(C)CCCC)CCCCCCCCC	C	0	0	1
B=C(C(C)CC)CCCCCCC	C	0	0	1
Clc1c(OC)cc1	C	0	0	1
B=C(C(C)CC)CCCCCCCC	C	0	0	1
O=C(OCCC)CCCCCCCC	C	0	0	1
B=C(C(C)CC)CCCCCCCCCCCCCCCCCCCCCCCCCCCCCCCCCCCCCCCC	C	0	0	1
O=C(OCCC)CCCCCCCCCCCCCCCC	C	0	0	1
I=C(C(C)CC)CCCCCCCCCCCCC	C	0	0	1
N(CC)CCCCCCCCCCCCCC	C	0	0	1
O=C(OCCCCC)CCCCCC	C	0	0	1
N(C(C)CC)CCCCCCCCCCCC	C	0	0	1
B=C(C(C)CC)c1ccccc1	C	0	0	1
P=C(C(C)CC)CCCC(=C)CCCCCCCC	C	0	0	1
B=C(C(C)C)c1ccccc1	C	0	0	1
N(C(C)CCCC)CCCCCCCCCCCCCCCCCCCCCCCCCCCCCCCC	C	0	0	1
B=C(C(C)CC)CCCCCCCCCCCCCCCCCCCCCCCCCCCCCCC	C	0	0	1
Clc1ccc(C)cc1	C	0	0	1
N(C(C)CC)CCCCCC	C	0	0	1
N(C(C)CC)CCCCCCCCCCC	C	0	0	1
I=C(CCCCCCCC)CCC	C	0	0	1
B=C(C(C)CC)CCCCCCCCCCCCCCCC	C	0	0	1
O=C(OCCCCC)CCCCCCCC	C	0	0	1
B=C(C(C)CCCC)CCCCCCCCCCCC	C	0	0	1
N(C(C)CC)CCCCCCCCCCC	C	0	0	1
[C+](CC(C)C)CCCCCCCCCCCCCCCCCC	C	0	0	1
P(=O)(=C)(C)C(CC)CCCCCCCCCCCCCCCCCC	C	0	0	1
Clc1c(O)cccccccccc1	C	0	0	1
P=C(C(C)CC)CCCCCC	C	0	0	1
I(C(C)CC(C(C)C)CCCCC)CCCCCCCCCCCCCCC	C	0	0	1
Clc1c(O)cccccccccccccccc1	C	0	0	1
c1ccc(C)cc1	C	0	0	1
N(C(C)CC)CCCCCCC	C	0	0	1
B=C(C(C)CC)CCCCCCCCCCCCCCCCCCCCCCCCCCCCCCCCCCCCCCCCCCCCCCC	C	0	0	1
Clc1c(OC)cc1	C	0	0	1
B=C(C(C)CC)CCCCCCCCCCCCCCCCCCCCCCCCCCCCC	C	0	0	1
B=C(C(C)CC)c1ccccc1	C	0	0	1
S(=O)([O-])c1cccccc(C)ccccccccccccccccccccccccccccccc1	C	0	0	1
O=C(OCC(C)CC)CCCCCC	C	0	0	1
N(C(C)CC)c1ccccc1	C	0	0	1
ClC(CC)CCCCCCCCCCC	C	0	0	1
I=C(C(C)CC)CCCCCCCCCCCCCC	C	0	0	1
Clc1c(O)cccccccccc1	C	0	0	1
N(=C(C)CC(C)CC)CCCCC	C	0	0	1
N(C(C)CC)CCCCCCCCCC	C	0	0	1
ClC(CC)CCCCCCCCCCCCCCCCCCCCCCCCCCCCCCC	C	0	0	1
N(C(C)CC)CCCCCCCCC	C	0	0	1
N(C(C)CC)CCCCCCCCCCC	C	0	0	1
c1ccc(C)cc1	C	0	0	1
P(=C)(C)c1ccccc1	C	0	0	1
Oc1ccccccc1	C	0	0	1
P(=C)(C)c1ccccc1	C	0	0	1
S(C(C)c1)ccccccccccccccccc1	C	0	0	1
N(C(C)CC)CCCCCCCCCCC	C	0	0	1
B=C(C(C)CC)CCCCCCC	C	0	0	1
I(=O)(=C)c1ccccc1	C	0	0	1
P(C(C)CC)CCCCCCCC	C	0	0	1
N(C(C)CC)CCCCCCCCCCCCCCCC	C	0	0	1
c1ccc(C)cc1	C	0	0	1
I(=C(C)CC(C)CC)CCCCCCCC	C	0	0	1
c1ccc(C)cc1	C	0	0	1
B=C(C(C)CC)CCCCCCCCCCCCCCCCCCCCCCCCCCCCC	C	0	0	1
N(C(C)CCCCCCCCCC)CCCCCCCC	C	0	0	1
O=C(OCCCCC)CCCCCCCCCCCCCCCCCCCCCCCCC	C	0	0	1
O=C(OCCCCCCCCCC)C	C	0	0	1
O=C(OCCCCCCCCCCC)CCCCCCCC	C	0	0	1
B=C(C(C)CC)CCCCCCCCC	C	0	0	1
B=C1cccccc(C)cccc1	C	0	0	1
C=C(CCCCCCC)CCCCCC	C	0	0	1
P(=O)(=C)(C)c1ccccc1	C	0	0	1
N(C(C)CC)CCCCCC	C	0	0	1
B=C(C(CC)CCCCC)CCCCCCCCCC	C	0	0	1
B=C(C(C)CC)CCCCCCC	C	0	0	1
[C@H](C(C)C)CCCCCCCC	C	0	0	1
P(=O)(=C)c1cccc(C)ccccccccccccccccc1	C	0	0	1
P(=O)(=C)(C(C)C)c1ccccc1	C	0	0	1
B=C(C(C)CC)CCCCCC	C	0	0	1
[C@@H]([O-])c1ccccccccccccccccc1	C	0	0	1
N(C(C)CC)CCCCCCCCCCCCCCCCCCCCCCCCCCCCCCCCCCCCCC	C	0	0	1
n1ccc(C)cc1	C	0	0	1
B=C(C(C)CC)CCCCCCCCCCCCCCCCCCCCCCCCCCCCCCCCCCCCCCCCCCCCCCCCCCC	C	0	0	1
N(C(C)CC)CCCCCCCCCCCCCCCCCCCCCCC	C	0	0	1
Nc1ccccccccccccc1	C	0	0	1
I=C(C(C)CC)CCCCCCCCCC	C	0	0	1
Clc1c(OC(C)C)cc1	C	0	0	1
O=C(OCCCCC)CCCCCCCCCCCCCCCCCCCCCCC	C	0	0	1
O=C(OCCCCCC)CCCCCCCC	C	0	0	1
N(CC(C)CC(CCC)C)CCCCCCCCCCCCCCCCCCCCC	C	0	0	1
O=C(OCCC)CCCCCCCCCCCCC	C	0	0	1
O=C(OCCCCCCCCCC)CCC	C	0	0	1
N(C(C)CC)CCCCCCCC	C	0	0	1
B=C(C(C)CC)CCCCCCCCCCCCCCCCC	C	0	0	1
O=C(OCCCC)CCCCCC	C	0	0	1
O=C(OCCCCCCCC)CCCCCCCCCCCCCCC	C	0	0	1
N(CC)CCCCCCCCCCCCCCCCCCCCC	C	0	0	1
P(=O)([O-])c1ccccccccccccc1	C	0	0	1
O=C(OCCCCCCCCCCC)CCCCCCCCCCCCCCCCCCC	C	0	0	1
Nc1ccc(C)cc1	C	0	0	1
O=C([O-])c1c(CC)cccccccc1	C	0	0	1
P(=C)(C)C(C)CCCCCCCCCCC	C	0	0	1
B=C(C(C)CC)c1ccccc1	C	0	0	1
ClC(CC)CCCCCCCCCCCCCCCCCCCCC	C	0	0	1
O=C(OCC(C)CC)CCCCCCCCCCCCCCCCCCCC	C	0	0	1
O=[N+]([C@H](O)[C-])c1ccccc1	C	0	0	1
N(C(C)CCCCCCCCCC)CCCC	C	0	0	1
N(C(C)CC)CCCCCCCCCCCCCCCCCCCCCCCCCC	C	0	0	1
I(C(C)CC)CCCCCC	C	0	0	1
N=C([O-])c1ccccccccccccccccc1	C	0	0	1
P(C(C)CC)CCCCCC	C	0	0	1
N(C(C)CC)CCCCCCCCCCCCCCCCCCCCCCCCCCCCCCCCCCCCCCCCCCCCCCCCC	C	0	0	1
O=C(OC)c1ccccc1	C	0	0	1
Clc1c(O)c(O)ccccccccccccccccccccccccccc1	C	0	0	1
N(C(C)CC)CCCCCCCCC	C	0	0	1
N(C(C)CC)CCCCCCCCCC	C	0	0	1
O=C(OC)c1ccccc1	C	0	0	1
S(CC)CCCCCCCCCCCCC	C	0	0	1
I(=O)(=O)[C+](C)c1ccccc1	C	0	0	1
Nc1ccc(C)cc1	C	0	0	1
N(C(C)CC)CC(C)CCCCCCC	C	0	0	1
N(C(C)CC)CCCCCCC	C	0	0	1
N(C(C)CC)CCCCCC	C	0	0	1
B=c1c(O)ccccccccc(C)cccc1	C	0	0	1
B=C(OCCCCCCCCCCC)CC	C	0	0	1
N(C(C)CC)CCCCCCC	C	0	0	1
O=C(OCCCCCCCCC)CCCCCCCCCC	C	0	0	1
B=C(CCC)CCCCCCCCCCCCCCCCCCCCCCCC	C	0	0	1
N(C(C)CC)CCCCCCCCC	C	0	0	1
c(C(C)c1)cccc1	C	0	0	1
P(=O)([O-])(C)c1ccccc1	C	0	0	1
I(=C(C)CC(CC)CCCCCCC)CCCCCCCC	C	0	0	1
N(C(C)CC)CCC	C	0	0	1
N(C(C)CC)CCCCCCCCCCCCCCC	C	0	0	1
I=C(CCC)CCCCCCCCCCCCCCCCCC	C	0	0	1
O=C(OCCC)CCCCCCCCCCCCCCCCC	C	0	0	1
O=C(OCCCCCCCCCC)CCCCCCCCCCCCCCCCCCC	C	0	0	1
I=C(C(C)CC)c1ccccc1	C	0	0	1
N(C(C)CC)CCCCCCCCCCCCCCCCCC	C	0	0	1
N(CC)CCCCCCCCCCCCCCC	C	0	0	1
I(=C)(CCCCCCC)CCCCCCCCCCCCCCCCCCCCCCCCCCCCCCCCCCCCCC	C	0	0	1
B=C(C)CCCCCCCCCCCCCCCCC	C	0	0	1
B=C(C(C)CC)c1ccccc1	C	0	0	1
S(=C)c1ccccccccccccc1	C	0	0	1
S(=O)([O-])c1ccc(C)cc1	C	0	0	1
O=C(OCCCCCC)CCCCCCCCCCCCCC	C	0	0	1
O=C(OCC(C)C)c1ccccc1	C	0	0	1
O=C(OCCCCCCCCCC)CCCCCCCCCCCCCCCC	C	0	0	1
O=C(OCCCCCCCCCC)CCCCCCCCCCCCCCCCCCCCC	C	0	0	1
Clc1c(Cl)cc1	C	0	0	1
c1ccc(C)cc1	C	0	0	1
B=C(C(C)CC)CCCCCCCCCCCCCCCCC	C	0	0	1
P(C(C)CC)CCCCCCCCCCC	C	0	0	1
I=C(C(C)C)CCCCCCCCCCCCCCCCCCCCCC	C	0	0	1
I(C(C)CC)CCCCCCCCCCCCCCCCCCCC	C	0	0	1
I(=O)(=C)c1ccccc1	C	0	0	1
B=C(C(C)CC)CCCCCCC	C	0	0	1
N(CC)CCCCCCCCCCCCCCCCC	C	0	0	1
O=C(OCCCCCCCC)CCCCCC	C	0	0	1
Clc1ccc(C)cc1	C	0	0	1
N(C(C)C)c1ccccc1	C	0	0	1
ClC(CC)CCCCCCCCCCCCCCCCCCCCCCCCCCCCCCCCCCCCCCCCCCCCCCCCCCCCCCCC	C	0	0	1
I=C(C(C)CC)CCCCCCCCCCCC	C	0	0	1
O=C(O)c1ccccc1	C	0	0	1
N(C(C)CC)CCCCCCCC	C	0	0	1
B=C(C(C)CC)CCCCCCCCCCCCCCC	C	0	0	1
N(C(C)CC)CCCCCC	C	0	0	1
ClC(CC)CCCCCCCCCCCCCCCCCCCCCCCC	C	0	0	1
B=C(C(C)CCCCCCC)CCC	C	0	0	1
O=C([O-])c1ccccc1	C	0	0	1
c1ccc(C)cc1	C	0	0	1
I=C(C(C)CC)c1ccccc1	C	0	0	1
N(C(C)CC)CCCCCCCC	C	0	0	1
O=C(OCC(O)CC)CCCCCCCCCCCCCCC	C	0	0	1
N(C(C)CC)CCCCCCCCCCCCCCCCCCCCCCCCCCCCCCCCCCCCCCCCCCC	C	0	0	1
P(=C(C)CC(C)C)CCCCCCCCCCCCCCCCCCCCCCCCCCCCCCCCCCCCCCCCCCCCCCC	C	0	0	1
N(C(C)CC)CCCCCC	C	0	0	1
P(C(C)CC)CCCCCCCCCCCCCCCC	C	0	0	1
N(C(C)CC)c1ccccc1	C	0	0	1
P(=C)(C)C(O)C(=C)c1ccccc1	C	0	0	1
P(C(C)CC)CCCCCCCC	C	0	0	1
N(C(C)CC)CCCCCCCCCCCCCCCCCC	C	0	0	1
N(C(C)CC)CCCCCCCCCCCCCCCCCCCCC	C	0	0	1
B=C(C(C)C)CCCCCCCCCCCCCCCCCCCCCCCCCCCCCCCCCCCCCCCCCC	C	0	0	1
B=C(C(C)CC)CCCCCCCCCCCCC	C	0	0	1
I(C(C)CC)CCCCCC	C	0	0	1
B=C(C(C)CCCCCC)CCCC	C	0	0	1
N(C(C)CC)CCCCCCCCCCCC	C	0	0	1
B(C(C)CC)CCCCCC	C	0	0	1
Oc1ccccccccccccccccccccccc1	C	0	0	1
c(C(C)c1)cccc1	C	0	0	1
N(C(C)C)c1ccccc1	C	0	0	1
P=C(C(C)CC)CCCCCCC	C	0	0	1
O=C(OC(CO)CCC(C)C)CCC	C	0	0	1
B=C(C(C)CC)CCCCCCCCCCCCCCCCCCCCCCCCCCCCCCCCCCCCCCCCCC	C	0	0	1
N(C(C)CC)CCCCCCCCCCCCCCCCC	C	0	0	1
Clc1ccc(C)cc1	C	0	0	1
c(C(C)cc1)CC(C)CC1	C	0	0	1
N(C(C)CC)CCCC	C	0	0	1
O=C(OCCCC)CCCCCCCCCCCCCCCCCCCCCCCCCCCCC	C	0	0	1
c(C(C)c1)cccc1	C	0	0	1
Clc1c(Cl)cc1	C	0	0	1
B=C(C(C)CC)CCCCCC	C	0	0	1
B=C1cccccccccc1	C	0	0	1
O=C(OC(C)CC)CCCCCCCCCCCCCC	C	0	0	1
C(C)c1ccc(C)cc1	C	0	0	1
Clc1ccc(C)cccccccccccc1	C	0	0	1
N(C)c1ccccc1	C	0	0	1
B=C(C(C)CC)CCCCCCCCC	C	0	0	1
S(C(C)CC)CCCCCCCCCCCCCC	C	0	0	1
I([O-])c1ccccccccc1	C	0	0	1
O=C(OCCCCCCCCCCC)C	C	0	0	1
I=C(C(C)CC)CCCCCCCCC	C	0	0	1
B=C(C(C)CC)c1ccc(C)cc1	C	0	0	1
Clc1c(O)C(C)CC1	C	0	0	1
N(C(C)CC)CCCCCCCCCCCCCCC	C	0	0	1
B=CC(CCCCCCCCCC)CCCCCCCCCCCCCCCCCCCC	C	0	0	1
B=C(OC(C)CC)CCCCCCCCCCCCCCCCCCCCCCC	C	0	0	1
N(C(C)CC)CCCCCCCCC	C	0	0	1
O=C(OCCCCCCCCCC)C	C	0	0	1
c(C(C)c1)cccc1	C	0	0	1
O=C(OCCCCCCCCCCCCCCCCCCCCC)CCCCCCCCCCCCCCCCCCCCCCCCCCCCCCCCCCCCC	C	0	0	1
I=C(C(C)CC)c1ccccc1	C	0	0	1
Oc1ccc(C)cc1	C	0	0	1
Clc1c(O)C(C)CC1	C	0	0	1
B=C(CCCCCC)CCCCCCCCCCCCCCCCCCCCCC	C	0	0	1
B=C(CCCCCCCCC)CCCCCCCCCCCCCCCCCCC	C	0	0	1
B=C(C)CCCCCCCCCCCCCC	C	0	0	1
B=C(OCCCCCCCC)CCCCCCCCCCCCCCCCC	C	0	0	1
c(C(C)c1)cccc1	C	0	0	1
O=C(OCCCCCC)CCCCCCCCCCCCCCCCCCC	C	0	0	1
Nc1cccccc(C)ccccccccccc1	C	0	0	1
B=C1cccccccccc1	C	0	0	1
[C@H]([C@@H](C)[C@@](C)(C)C)CCCCCCCCCCCCCCCCCCC	C	0	0	1
Clc1c(OC)cc1	C	0	0	1
O=C(OCC(C)CC)CCCCCCCCCCCC	C	0	0	1
O=C(OCCC)CCCCCCCCCCCCCCCCCCCCCCCCCCCCC	C	0	0	1
I(C(C)CC)CCCCCCCCCCCCCCCCCCCCCCC	C	0	0	1
B=C(OCCCCC)CCCCCCCCCC	C	0	0	1
S(=O)(=O)c1ccccc1	C	0	0	1
S(C(C)CC)CCCCCCCCCCCCCCCCCCCCCCCCCCCCCCCCCC	C	0	0	1
N(C(C)CC)CCCCCCCCCCCCCCCCCCCCCCCCCCCC	C	0	0	1
I(C(C)CC)CCCCCCCCCCCCCCCCCCCCCCCCCCCCCCCCCCCCCCCCCCCC	C	0	0	1
O=C(OCCCCCCCCC)C	C	0	0	1
C(=O)(C)CCCCCCCCCCCCC	C	0	0	1
O=C(OCCCCCCCCCC)CCCCCCC	C	0	0	1
O=C(OCCCCCC)CCCCCCCCCCCCCCCCC	C	0	0	1
I(C(C)CC(C)C)CCCCCCCCCCCCCCCCCCCCCCCCC	C	0	0	1
N(C(C)CC)CCCCCCCCCCCCCCCCCC	C	0	0	1
N(C(C)CCCCCCC)CCCCCCCCCCCC	C	0	0	1
O=[N+]([C@@H](O)[C-])c1ccccc1	C	0	0	1
O=C(OCCCCCCCC)CCCCCCCCCCCC	C	0	0	1
B=C(C(C)CC)c1ccccc1	C	0	0	1
S(=C(C)cc1)cccc1	C	0	0	1
I(=O)([O-])c1ccccccccccc1	C	0	0	1
O=C(OCCCCCCCCCCCCCCC)CCCCCCCC	C	0	0	1
O=C(OCCCCCCC)CCC	C	0	0	1
B=C(C(C)CC)CCCCCCCCCCCCCCCCCCC	C	0	0	1
[CH](CC)CCCCCCCCC	C	0	0	1
N(C(C)CC)CCCCCCC	C	0	0	1
P(C(C)CC)CCCCCCCCCCCCCC	C	0	0	1
O=C(OC(CO)CCC)CCCCCCCCCCCCCCC	C	0	0	1
N(C(C)CC)CCCCCCCCCCCCCCCCCCCCC	C	0	0	1
Clc1ccc(C)cccccccccccccccccccc1	C	0	0	1
B=C(C(C)CC)CCCCCCCCC	C	0	0	1
O=C(OCCCCCCCCCC)CC	C	0	0	1
N(C(C)CC)CCCCCCC	C	0	0	1
O=C(OCCCC)CCCCCCCCCCCC	C	0	0	1
O=C(OCC)CCCCCCCCCCCCCC	C	0	0	1
Pc1ccc(C)cc1	C	0	0	1
N(C(C)CC)CCCCCCC	C	0	0	1
N(C(C)CC)CCCCCCCCCCCCCCC	C	0	0	1
I=C(C(C)(C)C)c1ccccc1	C	0	0	1
N(C(C)CCCCCCCC)CCCCCCCCCCCCCC	C	0	0	1
Clc1C(CCC1)CCCCCCCCCCC	C	0	0	1
Clc1c(O)cccccccccccc1	C	0	0	1
S(=C(C)C)CCCCCCCCCCC	C	0	0	1
B=C(C(C)CC)c1ccccc1	C	0	0	1
B=C(C(C)CC)CCCCCCCC	C	0	0	1
B=C(C(C)CC)CCCCCCCC	C	0	0	1
N(C(C)CC)CCCC	C	0	0	1
P(=O)([O-])c1ccccccccccc1	C	0	0	1
S(=O)(=C)(C)c1ccccc1	C	0	0	1
I(=C(C)CC(C)CC)CCCCCCCCCCCCC	C	0	0	1
I(C)c1ccccc1	C	0	0	1
B=C(C(C)C)CCCCCCCCCCCCCC	C	0	0	1
S(C(C)CC(C)C)CCCCCC	C	0	0	1
I=C(C(C)CCCCCC)CCCCCCCCCCC	C	0	0	1
O=C(OC(C)CC)CCCCCCCCC	C	0	0	1
I=C(C(CC)CC)CCCCCCCCCCCCCCCC	C	0	0	1
B=C(C(C)CC)CCCCCCCCCC	C	0	0	1
Ic1ccc(C)cc1	C	0	0	1
Oc1ccccccc1	C	0	0	1
Ic1ccc(C)cc1	C	0	0	1
Clc1c(OC)cc1	C	0	0	1
N(C(C)CC)CCCCCCCCCCC	C	0	0	1
N(C(C)CCCCCCCCCC)CCCCCCCCCCCCCCCC	C	0	0	1
n(C(C)c1)cccc1	C	0	0	1
B=C(C(C)CCC)CCCCCCCCCC	C	0	0	1
B=CC(CCCCCCCCC)C	C	0	0	1
O=C(OCC(C)CCCCC)CCCCCCCCCCC	C	0	0	1
B=C(OCCCCCCCCC)CCCC	C	0	0	1
[C+]1(C)CC1	C	0	0	1
N(C(C)CC)c1ccc(C)cc1	C	0	0	1
O=C(OCCCCCC)CCCCCCCCCCCCCCCCCCCCCCCCCCCCCCCCCC	C	0	0	1
I(C(C)CC)CCCCCCCCC	C	0	0	1
B=C(C(C)CC)CCCCCCCCCCCCCCCCCCCCCCCCCCCCCCCCCC	C	0	0	1
B=C(C(C)(C)C)c1ccccc1	C	0	0	1
O=C(CCCCCC)CCCCCCCCC	C	0	0	1
O=C(OCCCCCCCC)CCCCCCCCCCCCCCCCC	C	0	0	1
N(C(C)CC)CCCCCCCCCCCCC	C	0	0	1
I(=C(C)CC(C)CC)CCCCCCCCCCCCCCCC	C	0	0	1
c(C(C)c1)cccc1	C	0	0	1
S(=O)(=O)[C@@H]([C-])c1c(CC)cc1	C	0	0	1
S(=O)(=O)([O-])c1ccccccccccc1	C	0	0	1
N(CC)CCCCCCCCCCCCCC	C	0	0	1
c(C(C)c1)cccc1	C	0	0	1
Clc1ccc(C)cc1	C	0	0	1
B=C(C(C)CC)CCCCCCCCCCCCC	C	0	0	1
S(=O)(=O)([O-])c1ccccccccccccc1	C	0	0	1
S(=O)(=C)c1ccccc1	C	0	0	1
B=C(C(C)CC)CCCCCCCCC	C	0	0	1
P(C(C)CC)CCCCCCC	C	0	0	1
Clc1c(OC)cc1	C	0	0	1
B=C(C(C)CC)CCCCCCCCCCCCCCC	C	0	0	1
N(C(C)CC)CC(C)CCCCCCCCC	C	0	0	1
O=C(OCCCCCCC)C	C	0	0	1
B=C(OCCC)CCCCCCCCCCCCCCCCCCCCCC	C	0	0	1
N(C(C)CC)CCCCCCCCCCCC	C	0	0	1
B=C(C(=O)[C-])c1ccccc1	C	0	0	1
N(C(C)CC)CCCCCCCCCC	C	0	0	1
O=C(OCC)CCCCCCCCCCCCCCC	C	0	0	1
N(C(C)C)c1ccccc1	C	0	0	1
I(=C(C)CC(C)CC)CCCCCCCCCCCCCCCC	C	0	0	1
Clc1ccccc1	C	0	0	1
C(C)c1ccccc1	C	0	0	1
B=C(C(C)CC)CCCCCCCCCCCCCCCCCCCCCCCCCCCCCCCCCCCCCCCCCCCCCCCCCCCCCCCCCCCCCCCCCCC	C	0	0	1
N(C(C)CC)CCCCCCCCCCCC	C	0	0	1
I=C(C(C)CC)CCCCCCCC	C	0	0	1
O=C(OCCCCCC)CCCCC	C	0	0	1
O(C(C)CC)CCCCCCCCCCCCCCCC	C	0	0	1
O=C(OCCCCCCCCCC)CCCC	C	0	0	1
B=C(C(C)CC)CCCCCCCCCCCCCCC	C	0	0	1
O=C(OCCCC)CCCCCCCC	C	0	0	1
I(C(C)CC)CCCCCCCCCCCCCCCCCC	C	0	0	1
C(=C)(C)C(C)CCCCCCCCCCCCCCCC	C	0	0	1
B=C(C(CC)CCCCCCC)CCCCC	C	0	0	1
O=C(OCCCCCCCCC)CCCCCCCCCCCCCCCCCC	C	0	0	1
O=C(OC(C)CC)c1ccccc1	C	0	0	1
N(CC)CCCCCCCCCCC	C	0	0	1
B=C(C(C)CC)CCCCCCCCCCCCCCCCCCCCCCC	C	0	0	1
N(C(C)CC)CCCCCCCCCCCCCCCCCCC	C	0	0	1
B=C(C(C)C)c1ccccc1	C	0	0	1
Clc1c(O)C(C)CC1	C	0	0	1
O=C(OCC(C)CC)CCCCCCC	C	0	0	1
B=C(C(C)CC)CCCCCCCCCCCCCCCCCCCCCCCCCCCCCC	C	0	0	1
B=C(C(C)c1c(C)c1cccc(C)c1)cccc1	C	0	0	1
c(C(C)c1)cccc1	C	0	0	1
P=C(C(C)CC)CCCCCCCCCCCCC	C	0	0	1
O=C([O-])c1cccccc(C)ccccccccccccccccccc1	C	0	0	1
N(CC)CCCCCCCCCCCCCCC	C	0	0	1
O=C(OCCCCCC)CCCCCCCCCCCCCCCCCC	C	0	0	1
P(C(C)CC)CCCCCCCCCCCCCCCCCCCCCCCCC	C	0	0	1
N(C(C)CC)CCCCCCCCCCCCCC	C	0	0	1
P(=O)([O-])c1ccccccccccc1	C	0	0	1
O=C(OC(C)CC)CCCCCCCCCCCC	C	0	0	1
O=C(OCCCC)CCCCCCCCCCC	C	0	0	1
ClC(CC)CCCCCCCCCCCCCCCCCC	C	0	0	1
c1ccc(C)cc1	C	0	0	1
O=C(OCCCCCCCCC)CCCCCCCCCCCCCCCC	C	0	0	1
P=C(C(CCCC)CCCCC)CCCCCCCCCC	C	0	0	1
P(=O)([O-])c1ccc(C)cc1	C	0	0	1
c(C(C)c1)cccc1	C	0	0	1
P(C(C)CC)CCCCCCCCC	C	0	0	1
N(C(C)CC)CCCCCCCCCCCCCCCCCC	C	0	0	1
O=C(OCCCCCCCCCCCCCCCCCCCC)CCC	C	0	0	1
Nc1(C)CC1	C	0	0	1
N(CC)CCCCCCCCC	C	0	0	1
B=C1cccccccccccccc1	C	0	0	1
N(C(C)CC)CCCCCCCCCCCCCCCCCCCCCCCCCCCCCCCCCCCCCCCCCCCCCCCCCC	C	0	0	1
c(C(C)c1)cccc1	C	0	0	1
I=C(C(C)CC)CCCCCCCCCCCCCCCCC	C	0	0	1
N(C(C)CC)CCCCCCCCCC	C	0	0	1
N(C(C)C)c1ccccc1	C	0	0	1
Clc1ccc(C)cccc1	C	0	0	1
B=C(C(C)CC)CCCCCCCCCCCCCCCCCCCCCCCCCCCCCCCCCCC	C	0	0	1
B=C(C(C)CC)CCCCCCCCCCC	C	0	0	1
N(C(C)CC)CCCCCCCC	C	0	0	1
N(C(C)CC)CCCCCCCCCCCCCCCCCCCCCCC	C	0	0	1
B=C(C(C)CC)CCCCCCC	C	0	0	1
B=CC(CCCC)CCCCCCCCCCCCCC	C	0	0	1
P(=O)([O-])c1ccccccccccc1	C	0	0	1
O=C(OCCCCCCCCCC)CCCCCCCCCCCCCCCCCCCCCCCCCCCCCCCCCCCCCCCCCCCC	C	0	0	1
N(C(C)CC)C(C)CCCCCCCC	C	0	0	1
N(C(C)CC)CCCCCCC	C	0	0	1
I(=C(C(C)C)CCCCCC)CCCCCCCCCCCCCCCCCCCCCC	C	0	0	1
ClC(CC)c1ccccc1	C	0	0	1
ClCCCCCCCCCC	C	0	0	1
O=C(OCCCCCCCCCCC)CCCCCCCCCCCCCCCCCCCCCCCCC	C	0	0	1
O=C(OCCC)CCCCCCCCCCCCCCCCCC	C	0	0	1
N(C(C)CC)CCCCCCCCCCCCCCC	C	0	0	1
O=C(OC(C)CC)CCCCCCCCCCCCCCCCCCC	C	0	0	1
P(=O)(=O)([O-])(C)c1ccccc1	C	0	0	1
O=C(OCCCC)CCCCCCCCCCCCC	C	0	0	1
B=C(C(C)CC)CCCCCCCCCCCCCCCCC	C	0	0	1
S=C(C(C)CC)c1ccc(C)cc1	C	0	0	1
B=C(C(C)CC)CCC	C	0	0	1
B=C(OCCCCCCCCC)CCCC	C	0	0	1
P=C(C(C)CC)c1ccccc1	C	0	0	1
O=C(OC(CO)CCC)CCCCC	C	0	0	1
I(=C(C)CC(C)CC)CCCCCCCCCCCC	C	0	0	1
P(C(C)CC)CCCCCCCCCCCCC	C	0	0	1
c1ccc(C)cc1	C	0	0	1
Clc1c(OC)cc1	C	0	0	1
B=C(C(C)CC)CCCCCCCCCCCCCCCCCCCCCCC	C	0	0	1
N(C(C)C)c1ccccc1	C	0	0	1
P(=O)(=C)(C)c1ccccc1	C	0	0	1
c(c1)cccc1	C	0	0	1
I(CC)c1ccccc1	C	0	0	1
P(=O)(=C)c1cccc(O)ccccccccccccccccccccccccccccccccccccccccccc1	C	0	0	1
N(C(C)CC)CCCCCCCCC	C	0	0	1
P(=O)(C)c1ccccccc(C)cccccccccccccccccc1	C	0	0	1
I(C(C)CC)c1ccccccccccccccccc1	C	0	0	1
O=C(OC(C)CC)CCCCCC	C	0	0	1
B=C(CC)CCCCCCCCCCCCCCCCCCCCCCCCCCC	C	0	0	1
O=C(OCCCCCCCCCCCCCCCCCCCCCCCCCCCCCC)CC	C	0	0	1
P(C(C)CC)CCCCCC	C	0	0	1
ClCCC(CCCCC)CCCCCCCCCCCCCCCCCCC	C	0	0	1
I=C(C(C)CC)CCCCCCCCC	C	0	0	1
Nc1ccccccccccccccc1	C	0	0	1
Clc1ccc(C)cc1	C	0	0	1
N(C(C)C)CCCCCCCCCC	C	0	0	1
O=[N+](C)CCCCCCCCCCCCCCCCCCC	C	0	0	1
N(C(CC)C)CCCCCCCC	C	0	0	1
O=C(OCCCCC)CCCCCCCCCCCCC	C	0	0	1
N(C(C)CC)CCCCCCCCC	C	0	0	1
c(C(C)c1)cccc1	C	0	0	1
N(C(C)C)c1ccccc1	C	0	0	1
S=C([O-])c1ccccccccc1	C	0	0	1
N(C(C)CC)CCCCCCCCCC	C	0	0	1
P=C(C(C)CC)CCCCCCCCCC	C	0	0	1
O=C(OCCC)CCCCCCCCCCCCCCC	C	0	0	1
S(=C)(C)C(CC)[C@@H]([C@@H]([C-])c1)c1	C	0	0	1
O=C(OCCCCCCCCCC)C	C	0	0	1
B=C1cccccccccccccccccccccc1	C	0	0	1
N(C(C)CC)CCCCCCCCCCC	C	0	0	1
N(C(C)CC)CCCCCCCC	C	0	0	1
O=C(OCCCCCC)CCCCCCCCCCCCCCCCCCCCCCCCCCCCCCCCCCCCCC	C	0	0	1
P(=O)(=C)c1ccccc1	C	0	0	1
B=C(C(C)CC)CCCCCCCCCC	C	0	0	1
B=C(C(C)CC)CCCCCCCCCC	C	0	0	1
P(=C)(C)c1ccccc1	C	0	0	1
N(C(C)C)c1ccccc1	C	0	0	1
O=C(OCCCCCC)CCCCCC	C	0	0	1
I(=C(C)CC(CCC)C)CCCCCCCCCCCCCCCCCCCCCCCC	C	0	0	1
O=C(OCCCCC)CCCCCCCCCC	C	0	0	1
N(C(C)CC)CCC	C	0	0	1
N(C(C)CC)CCCCCCCCCC	C	0	0	1
O=C(OCCCCCCC)CCCC	C	0	0	1
N(CC(C)CC(C)CCCCCCCC)CCC	C	0	0	1
O=C(OC(CO)CCC)CCCCCC	C	0	0	1
P(=O)(=O)([O-])c1ccccccccccccccccccccc1	C	0	0	1
S(C(C)CC)CCCCCCCCCCCCCCCCCCC	C	0	0	1
P(C(C)CC)CCCCCCCCCCCC	C	0	0	1
O=C(OCCCCCCC)CCCCCCCCCCCCC	C	0	0	1
I(C(C)CC)CCCCCCCC	C	0	0	1
P(=O)(C)c1ccccc1	C	0	0	1
I=C(C(C)CC)CCCCCCCCCCCCCCCCCC	C	0	0	1
O=C(OCCCCCC)CCCCCCCC	C	0	0	1
N(C(C)CC)CCCCCCCCCCCCCCC	C	0	0	1
O=C(OCCCCCC)CCCCCC	C	0	0	1
B=C(C(C)CCCCCCCCC)CC	C	0	0	1
P=C(C(CC)CC)CCCCC	C	0	0	1
S(CC(C)C)CCCCCCCCC	C	0	0	1
B=C(C(C)CC)CCCCCCCC	C	0	0	1
O=C(OCC(C)CC)CCCCCCC	C	0	0	1
I(=C(C)CC(C)CC)CCCCCCCCC	C	0	0	1
N(CC)(C)c1ccccc1	C	0	0	1
B=C(C(C)CC)CCC	C	0	0	1
[C+](CC(C)C)CCCCCCCCCCCCC	C	0	0	1
B=C(OCCCCCCCCCCCCCCCCCCCCCCCCCCCCCCCCC)CC	C	0	0	1
B=C(CCCCCCCCCCCC)CCCCCCCCC	C	0	0	1
O=C(OCCCCCCCCCCC)CCCC	C	0	0	1
B=C(C(C)CC)CCCCCCCCCC	C	0	0	1
P(C(C)CC)CC(C)CCCCCCCCCCCCCCCCCCCCCCC	C	0	0	1
O=C(OCC(C)CC)CCCCCCCCCCCCCCCCCCCC	C	0	0	1
O=C(OCCC)CCCCCCCCCCCC	C	0	0	1
ClC(CC)CCCCCCCCC	C	0	0	1
P=C(C(C)CC)CCCCCCCCCCCCCCCCCCCCCCCCCCCCCCCC	C	0	0	1
S(C(C)C)c1ccccc1	C	0	0	1
O=C(OCCCCCCC)CCCC	C	0	0	1
I(C(C)CC)CCCCCCCCCCCCC	C	0	0	1
S=C(C(C)CC)CCCCCCCCCCCCCCCCCCCCC	C	0	0	1
B=C(C(C)CC)CCCCCCCCCCCCCCC	C	0	0	1
B=C(C(C)CC)CCCCCC	C	0	0	1
N(C(C)CC)c1ccccc1	C	0	0	1
B=C(C(C)CC)CCCCCCCCCCCCCCCCCCCCCCCCCCCCCCC	C	0	0	1
S(C(C)CC)CCCCCCCCCCCCCCCCCC	C	0	0	1
S(C(C)CC)CCCCCCCCCCCCCC	C	0	0	1
Pc1ccc(C)cc1	C	0	0	1
c(C(C)c1)cccc1	C	0	0	1
O=C(OCCCCCCCC)CCCCCCCCCC	C	0	0	1
O=C(OCCCC)c1ccccc1	C	0	0	1
N(C(CC)C)CCCCCCCCC	C	0	0	1
P(=O)(=O)(=C)c1ccccc1	C	0	0	1
N(C(C)CC)CCCCCCCCCCCCCCCCC	C	0	0	1
ClC(C(C)CC)CCCCCC	C	0	0	1
N(C(C)C)c1ccccc1	C	0	0	1
C=C(CC)CCCCCCCCCCC	C	0	0	1
Clc1c(O)cc1	C	0	0	1
O=C(OCC(C)CC)CCCCCCCCCCCCCCCCCCCCCCCCCCCC	C	0	0	1
Clc1ccc(C)cc1	C	0	0	1
P(=C(CC)CC)CCCCCCCCCC	C	0	0	1
B=C(C(C)CC)CCCCCCCCCCCCCC	C	0	0	1
Oc1ccc(C)cc1	C	0	0	1
N(CC)CCCCCCCCCCCCCCCCCCCCC	C	0	0	1
Nc1ccccccccccccccc1	C	0	0	1
B=C(C(C)CC)CCCCCCCCCCCCCCCCCCCCCCCCCCCCCCCC	C	0	0	1
c(C(C)c1)cccc1	C	0	0	1
n(C([O-])([O-])c1)cccc1	C	0	0	1
I(=O)([O-])c1ccccccc(C)cccc1	C	0	0	1
ClCCCCCCCCC	C	0	0	1
B=C(C(C)CC)CCCCCCCCC	C	0	0	1
I(=C(C)CCCCCCCCC)CCCCCCCCCCCCCCCCCCC	C	0	0	1
N(C(C)CC)CCCCCCCCCCCC	C	0	0	1
N(C(C)CC)c1ccccc1	C	0	0	1
O=C(OCCCCCCC)CCCCCCCCCCC	C	0	0	1
Clc1c(OC)cc1	C	0	0	1
O=C(OCCCCCCCCCC)C	C	0	0	1
B=C(C(C)CC)CCCCCCC	C	0	0	1
c1ccc(C)cc1	C	0	0	1
I(=O)([O-])c1ccccccc(C)cccccccc1	C	0	0	1
O=C(O)CC(CCCC)CCCCCCCCCCCCCCC	C	0	0	1
B=c1c(O)ccc(N)cc1	C	0	0	1
N(C(C)CC)CCCCCCC	C	0	0	1
B=C(OCC(C)CC)CCCCCCCCCCCCC	C	0	0	1
S(C(C)C)c1ccccc1	C	0	0	1
N(C(C)CC)CCCCCCCCCCCCCCCCCCCCCCCCCCC	C	0	0	1
N(C(C)CC)CCCCCCCCCCCCCC	C	0	0	1
P=C(C(C)CC)CCCCCCCCCCCCCCCCCC	C	0	0	1
S(C(C)CC)CCCCCCC	C	0	0	1
B=C1cccccccccccc1	C	0	0	1
I(=O)([O-])c1cccccc(C)ccccc1	C	0	0	1
Ic1ccc(C)cc1	C	0	0	1
B=C(C(C)CC)CCCCCCCCC	C	0	0	1
O=C(OCCCCCCC)CCCCCCCCCCCCCC	C	0	0	1
N(C(C)CC)c1ccccc1	C	0	0	1
N(=C(C)CC(C)CC)CCCCCCCCCCC	C	0	0	1
B=C(C(=C(C)CC)C)CCCCCCCCCCCCC	C	0	0	1
B=C(C(CC)C)CCCCCCCCCCCCCCCCC	C	0	0	1
[CH](CC)CCCCCCCCCCCCCCCCC	C	0	0	1
B=C(C(C)CC)CCCCCCCCCCCCCCCCCCCCCCCCCCCCCCCCCCCCCCCCCCCCCCCCCCCC	C	0	0	1
N(C(C)CCCCCCCCCC)CCCCCCCCCCC	C	0	0	1
B=C(C(C)CC)CCCCCCC	C	0	0	1
N(=C(COC)CCCCCC)CCCCCCCCCC	C	0	0	1
B=C(C(C)CC)C(C)CCCCCCCCCCCCCCCC	C	0	0	1
I(=O)([O-])c1ccccccccccccc1	C	0	0	1
O=C(OC)c1ccccc1	C	0	0	1
O=C([O-])c1cccccc(C)ccccc1	C	0	0	1
Clc1C(CCC1)c1ccccc1	C	0	0	1
c1ccc(C)cc1	C	0	0	1
I(=O)(C)c1ccccc1	C	0	0	1
N(C(C)CC)CCCCCC	C	0	0	1
O=C(OCCCCCCC)C	C	0	0	1
N(C(C)CC)CCCCCCCCCCCCC	C	0	0	1
c1ccc(C)cc1	C	0	0	1
I=C(C(C)CC)CCCCCCC	C	0	0	1
N(C(C)CC)CCCCCCCCCCC	C	0	0	1
P(=O)(=O)([O-])c1ccccccccccc1	C	0	0	1
Clc1c(C(=O)[C-])cc1	C	0	0	1
c(C(C)c1)cccc1	C	0	0	1
B=C(OCCC)CCCCCCCCCCCCCCCC	C	0	0	1
B=C(C(C)CC)CCCCCCCCCC	C	0	0	1
B=C(C(C)CCCCCCC)CCCCCCCCCCC	C	0	0	1
I(C(C)CC)CCCCCCCCC	C	0	0	1
S(=O)[C@@H]1C(CCCC)cc1	C	0	0	1
I=C(C(CC)CCCCCCC)CCCCCCC	C	0	0	1
B=C(C(C)CC)CCCCCCCCCC	C	0	0	1
c1ccc(C)cccccccccccccccccccccccc1	C	0	0	1
O=C(OC(C)CC)CCCCCCCCCCCCCCCCC	C	0	0	1
O=C(OCCCCCCC)CCCCCCC	C	0	0	1
B=C(C(C)CC)CCCCCCC	C	0	0	1
P(=C)c1ccccc1	C	0	0	1
N(C(C)CC)CCCCCCCCCCCCC	C	0	0	1
B=C(C(C)CC)CCCCCCCC	C	0	0	1
c1ccc(O)cc1	C	0	0	1
I(=O)(=C(C)c1)ccccccc1	C	0	0	1
N(CC)CCCCCCCCCCCCCC	C	0	0	1
Nc1ccccccccccc1	C	0	0	1
S(=O)(=O)([O-])c1cccccccccccccccccccccccccccc(C)ccccccccccccccccccccccc1	C	0	0	1
N(C(C)CC)CCCCCCC	C	0	0	1
S(C(C)CC)c1ccccc1	C	0	0	1
Oc1ccc(C)cc1	C	0	0	1
B=C(C(CC)CCCCCC)CCCCCCC	C	0	0	1
B=C(C(C)CC)CCCCCCCCCCCCCCC	C	0	0	1
O=C(OCC(CCC)CCC)CCC	C	0	0	1
N(=O)[C@@H]([C-])c1ccccccccc1	C	0	0	1
P=C(C(C)CC)CCCCCCCCCCCCCCCCCCCCC	C	0	0	1
I=C(C(C)CC)CCCCCCCCCCCCCCCCCCCCCCC	C	0	0	1
Clc1ccc(C)cc1	C	0	0	1
O=C(OC(C)CC)CCCCCC	C	0	0	1
B=C(C(C)CC)c1ccc(C)cc1	C	0	0	1
P=C(C(C)CC)CCCCCCCCCCCCCCCCCCCCCCCCCCCCCC	C	0	0	1
P=C(C(C)CC)c1ccccc1	C	0	0	1
Clc1c(OC)cccccccccccccccccccccccc1	C	0	0	1
O=C(OCCCCCCCCCCC)CCCCCCCCC	C	0	0	1
B=C1cccccccccccccccccccc1	C	0	0	1
B=c1[C@H](O)[C@@H]1[C@@H]([C-])c1ccccccccccccccccccccccccccccccccccccccccc1	C	0	0	1
P=C(C(C)CC)c1ccccc1	C	0	0	1
C=C(C(C)CC)CCCCCCCCCCCCCC	C	0	0	1
O=C(OCCC)CCCCCCCCCCCCCCCCCCCCCC	C	0	0	1
O=C(OCCCC)CCCCCC	C	0	0	1
N(CC)CCCCCCCCCCCCCCCCCCCCCCCCC	C	0	0	1
I(=O)(=C)c1ccccc1	C	0	0	1
I=C(C(C)CCCCCCCCCCCCCCCCCCCCCCCCCC)CCCCCCCCCC	C	0	0	1
N(C(C)CC)CCCCCCCCCCCCCCCC	C	0	0	1
I(=C(C)CC(C)CC)CCCCCCCCCCCCCCCC	C	0	0	1
N(=C(C)CC(C)C)CCCCCCCCCC	C	0	0	1
N(CC)(C)CCCCCCCCCCCCCCCCCCCCCCCC	C	0	0	1
B=C(C(C)C)c1ccccc1	C	0	0	1
B=C(C(C)CCCCC)CCCCCCCC	C	0	0	1
N(C(C)CCCCCCCCC)C	C	0	0	1
N(C(C)CC)CCCCCCCCC	C	0	0	1
B=C(C(C)CC)CCCCCCCC	C	0	0	1
O=C(OCCCCCCCCC)CCCCCCCCCCC	C	0	0	1
P(C(C)CC)CCCCCCCCCCCCCCC	C	0	0	1
S=C(C(C)CC)CCCCCCCCCCC	C	0	0	1
O=C(OCCCCC)CCCCCCCCC	C	0	0	1
O=C(OCCCCCCCCCC)CCCCCCCC	C	0	0	1
B=C(CCCCCCCCC)CCCCCCCCC	C	0	0	1
O=C(OCCCCC)CCCCCC	C	0	0	1
c(C(C)c1)cccccccc1	C	0	0	1
Oc1ccccccccccccc1	C	0	0	1
B=C(C(C)CC)CCCCCCCCCCC	C	0	0	1
O=C(OC(C)CC)CCCCCCCCCCCCCCCCCCCCCCCCCCCCCCCCCCCCC	C	0	0	1
S=C(C(C)CC)c1ccc(C)cc1	C	0	0	1
O=C(OCCCCC)CCCCCC	C	0	0	1
O=C(OCCCCCCCC)CCCC	C	0	0	1
O=C(OCCCCCCC)CCCCCC	C	0	0	1
O=C(OCC(C)C)CCCCCCCCCCCCCCC	C	0	0	1
B=C(C(C)CC)CCCCCCCCCC	C	0	0	1
P(=O)(=C)(C)C(C)CCCC	C	0	0	1
N(CC)CCCCCCCCCCCCCC	C	0	0	1
O=C(OCC(C)CC)CCCCCCC	C	0	0	1
O=C1[C@@H]([C@@H]([C@@H]([C-])c1)CCCCCC)CCCCCCCCCCCCCCCC	C	0	0	1
B=C(C(C)CC)CCCCCCCCCCCCCC	C	0	0	1
B=C(C(C)CC)CCCCCC	C	0	0	1
O=C(OCCCCCC)CCCCCCCCCCCC	C	0	0	1
O=C(OC(C)CC)CCCCCCCCCCCCCCCCCCCCCCCCCCCCCCC	C	0	0	1
S=C(C(C)CC)CCCCCCC	C	0	0	1
N(C(C)CC)CCCCCCC	C	0	0	1
O=C(OCCCCCCCCCCCCCCCCCCC)CC	C	0	0	1
O=C(OCCCCCC)CCCCCCCCC	C	0	0	1
N(C(C)CC)CCCCCCCCCCCCCCCCCCCC	C	0	0	1
Clc1c(OC)cc1	C	0	0	1
B=C(C(C)CC)CCCCCCCCCCCCCCCCCCCCCCCCCCCCCCCCCCCCCCCCCCCCCCCCCCCCCCCCCCCCCCCCCCCC	C	0	0	1
N(C(C)CC)CCCCCCCCC	C	0	0	1
N(C(C)CC)CCCCC	C	0	0	1
N(C(C)CC)CCCCCCC	C	0	0	1
N(C(C)CC)CCCCCCCCCCCCCCCCCCCC	C	0	0	1
B=C(C(C)CC)CCCCCCC	C	0	0	1
O=C(OCCCCCCCCCCC)CCCCC	C	0	0	1
B=C(C(C)C)CCCCCCCCCCCCCCC	C	0	0	1
B=C(C(C)CC)CCCCCCCCCCCCCCCCC	C	0	0	1
Clc1c(OC)cc1	C	0	0	1
B=C(C(C)CC)CCCCCCCCCCCCC	C	0	0	1
O=C(OCCCCCCCCCCCCCCCCCCCCCCCCCCCCCCCCCCCCCCCCCC)CCCCCCCCCCCCC	C	0	0	1
O=C(OCCCCCCCCCCC)CCCC	C	0	0	1
B=C(C(C)CC)CCCCC	C	0	0	1
N(CC)CCCCCCCCCCCCC	C	0	0	1
Clc1ccc(C)cc1	C	0	0	1
O=C(OCCCCCCCCCCCCCCCC)CCCCCCCC	C	0	0	1
N(C(C)CC)CCCCCCCCCCCCCC	C	0	0	1
N(CC)CCCCCCCCC	C	0	0	1
P(C(C)CC)CCCCCCCCCCCCCC	C	0	0	1
S(=O)[C@@H]([C-])c1ccccc1	C	0	0	1
N(C(C)CC)CCCCCCCCCC	C	0	0	1
S(CC)CCCCCCCCCC	C	0	0	1
B=C(C(CC)CCCCCC)CCCCCCCCCCCCCCCC	C	0	0	1
B=C(C(C)CC)CCCCCCCCCCCCCCCCCCCCCCCCCCCC	C	0	0	1
B=C(C(CC)c1)ccccccc1	C	0	0	1
S(=C)(C)C(C)c1ccccccccccccccc1	C	0	0	1
O=C(OCCCCCCCCCCC)CCCCCCCCCCCCCCCCCC	C	0	0	1
O=C(OCCCCCC)CCCCCCCCCC	C	0	0	1
B=C(C(C)CC)c1ccccc1	C	0	0	1
N(C(C)C)c1ccccc1	C	0	0	1
B=C(CCCC)CCCCCCCC	C	0	0	1
B=C(C(C)CC)CCCCCC	C	0	0	1
I(C(C)CC)CCCCCCCCCCCCCCCCCCCCCCCCCCCCCCCCCCCCCCCCC	C	0	0	1
N(CC)CCCCCCCCCCCC	C	0	0	1
Oc1ccccccccccccc(C)cccccccccc1	C	0	0	1
S(CC(C)C)CCCCCCCC	C	0	0	1
B=C(C(C)CC)CCCCCCCCCCCCCCCCCCCCCCCCCCCCCCCCCCCCCCC	C	0	0	1
O=C1[N+](C)cc1	C	0	0	1
O=C(OCCCCCCC)CCCCCCCCCCCC	C	0	0	1
N(C(C)CC)CCCCCCCCCCCCC	C	0	0	1
I(=O)(=O)[O+](O)c1ccccc(OC)cc1	C	0	0	1
Ic1C(CCC1)c1ccccc1	C	0	0	1
N(C(C)CC)CCCCCC	C	0	0	1
O=C(OCCCCCCCCCC)CCCCCCCCCCCCCCCCCCCCCCCCCCCCCCCCCCCCCCCCCCCCCCCCCCCCCCCCCCCCC	C	0	0	1
O=C(OCC(C)CC)CCCCCCCCCCCCCCCC	C	0	0	1
Clc1c(OC)cc1	C	0	0	1
O=C([O-])c1ccccc1	C	0	0	1
c(C(C)c1)cccc1	C	0	0	1
B=C([O-])c1ccccccccccccccccc1	C	0	0	1
B=C(C(CC)CCCCC)CCCCCCCCCCC	C	0	0	1
O=C(OCCCCCCCCC)CCCCCCCCC	C	0	0	1
B=C(CCCCCCC)CCCC	C	0	0	1
I=C(C(C)CC)CCCCCCCCC	C	0	0	1
N=C([O-])c1ccccccccccccccccccc1	C	0	0	1
S(C(C)CC)CCCCCCCCCCCCCCCCCCCCCCCCCCCCC	C	0	0	1
N(=C(C)CC(C)CC)CCC	C	0	0	1
Clc1ccc(C)cc1	C	0	0	1
B=C(C(C)CC)CCCCCC	C	0	0	1
N(C(C)C)c1ccccc1	C	0	0	1
c1ccc(C)cc1	C	0	0	1
O=C(OCCC)CCCCCCCCCCC	C	0	0	1
B=C(C(C)CC)CCCCCCCC	C	0	0	1
S=C(C(C)CC)CCCCCCCCCCCC	C	0	0	1
O=C(OCCCCCCC)C	C	0	0	1
P(C(C)CC)CCCCCCCCCC	C	0	0	1
N(CC)CCCCCCCCCCCCCCCCCCCC	C	0	0	1
N(C(C)CC)CCCCCCCCCCCCCCCCC	C	0	0	1
S(C(C)CC)CCCCCCCCCCCCCCCCCCC	C	0	0	1
Nc1ccccccccccccccccccccccccccccc1	C	0	0	1
C(=C(C)CCC)CCCCCCCCC	C	0	0	1
O=C(OC(CO)CCC)CCCCC	C	0	0	1
B=C(C(C)CC)CCCCCCCCC	C	0	0	1
S(=O)([O-])c1ccccccccc1	C	0	0	1
S=C(C(CC)CC)CCCCCCCCCCCCCCCCCCCCC	C	0	0	1
N(C(C)CC)CCCCCCCCCCCCCCCCCC	C	0	0	1
O=C(OCCC(C)C)CCCCCCCCCCCCCCCCCCCCCCCCCCCCCCCCCCCCCCCCCCCC	C	0	0	1
N(C(C)CC)CCCCCCCCCCCCCCCCC	C	0	0	1
I(C(C)CC)CCCCCCC	C	0	0	1
N(C(C)CCCCCCCCCCCCCC)CCCCCCCC	C	0	0	1
c1c(OC)cc1	C	0	0	1
I(=C(C)CC(C)CC)CCCCCCCCC	C	0	0	1
S(C(C)CC)CCCCCCCCCCCCCCCCC	C	0	0	1
Clc1c(Cl)cc1	C	0	0	1
N(C(C)C)c1ccccc1	C	0	0	1
B=C(C(C)CC)CCCCCCCCCCCCCCCCCCCCCCCCCCCCCCCCCCCCCCCCC	C	0	0	1
c(C(C)c1)cccc1	C	0	0	1
N(C(CC)C)CCCCCCCCCC	C	0	0	1
Clc1ccc(C)cc1	C	0	0	1
c1ccc(C)cc1	C	0	0	1
B=C(C(C)CC)CCCCCCCCCCCCCCCCCCC	C	0	0	1
Pc1ccc(C)cc1	C	0	0	1
P(C(C)CC(C)CC)CCCCCCCCCCCCCCCC	C	0	0	1
B=C(C(C)CC)CCCCCCC	C	0	0	1
N(CC)CCCCCCCCC	C	0	0	1
N(C(C)CC)CCCCCCCCCCCCCCCCCCCCCCCCCCCCCCCC	C	0	0	1
Clc1c(OC)cc1	C	0	0	1
Clc1ccc(C)cccccccccccc1	C	0	0	1
N(C(C)CC)CCCCCCCC	C	0	0	1
O=C(OCCCCCCCCC)CCCCCCCC	C	0	0	1
B=C(C(C)CC)CCCCCCCCCCC	C	0	0	1
Clc1c(OC)cc1	C	0	0	1
N(C(C)CC)CCCCCC	C	0	0	1
[C@H]([C@@H]([C-])CCCCCCCCC)CCCCCCCCC	C	0	0	1
P=C(C(C)CC)CCCCCCCCCCCCCCCCCCCCCCCCC	C	0	0	1
I=C(C(C)C)CCCCCCCCCCCCCCCCCCCCCCCCCCCCCCCCCCC	C	0	0	1
Clc1c(OC)cc1	C	0	0	1
Clc1ccc(C)cc1	C	0	0	1
N(C(C)CCCCC)CCCCCCCCCCCCCCCCCC	C	0	0	1
I(=O)(C)c1ccccc1	C	0	0	1
B=C(C(C)CC)CCCCCCCCCCCCCCCCCCCCCCC	C	0	0	1
N(C(C)CC)CCCCCCCCCCCCCCCCCC	C	0	0	1
B=C(C(C)CC)c1ccccc1	C	0	0	1
S(=C)(C)C(C)CCCCCCCCCCCCCCCCCCCCCCCCCCCC	C	0	0	1
N(C(C)CC)CCCCCCCCC	C	0	0	1
B=C(CCCCCCCC)CCCC	C	0	0	1
S(=O)(=C)(C)c1ccccc1	C	0	0	1
[C@H]([O-])c1ccccccccc1	C	0	0	1
N(C(C)CC)c1ccccc1	C	0	0	1
ClC(CC)C(C)CCCCCCCCCCCCCCCCCCCCCCCCCCCCCCCCCCCCCCCCCCCCCCCCCCC	C	0	0	1
c1ccc(C)cc1	C	0	0	1
O=C(OCCCCCCCCC)CCCCC	C	0	0	1
Nc1ccccccccccccccccc1	C	0	0	1
N(C(C)CC)CCCCCCCCCCCCCCCCCCCCCCCCCCCCCCCCCCCCC	C	0	0	1
Sc1ccccc1	C	0	0	1
S(CC)CCCCCCCCCC	C	0	0	1
I=C(C(C)C)CCCCCCCCC	C	0	0	1
N(C(C)CCCCCCCC)CCCCCCCCCCCCCCCCCCCCCCCCCCCCCCCCCC	C	0	0	1
B=C(CCCCCCCCC)CCCCCCCCCCCCCCCCCCCCCCCCCCCCCCCCCCCCCCCCCCCCCC	C	0	0	1
Nc1ccccccc1	C	0	0	1
B=C(C(C)CC)CCC	C	0	0	1
I(=O)(=O)[C@@H](OC[C@@](C)(CC)CCC)CCCCCCCCC	C	0	0	1
N(CC)CCCCCCCCCCCCCCCCCCCCCCCCC	C	0	0	1
c(C(C)c1)cccc1	C	0	0	1
B=C(C(C)CC)CCCCCCCCCCCCCCC	C	0	0	1
O=C(OCCC)CCCCCCCCCCCCCCCCCCCCCCCCCCCCCCCCCCCC	C	0	0	1
B=C(C(C)CC)CCCCCCCCCCCCCCCCC	C	0	0	1
B=C(C(C)CC)CCC	C	0	0	1
I(=O)(=C(C)c1)ccccccc1	C	0	0	1
B=C(C(C)CC)CCCCCCCCCC	C	0	0	1
O=C(OCCCCCCC)CCCCCCCCC	C	0	0	1
N(C(C)CC)CCCCCCCCCCCCC	C	0	0	1
c1ccc(C)cc1	C	0	0	1
c(C(C)c1)cccc1	C	0	0	1
N(C(C)CC)CCCCCCCC	C	0	0	1
Clc1ccc(C)cc1	C	0	0	1
O=C(OC(CO)CCC)CCCCCCCCCCCCCCCCCC	C	0	0	1
S(=O)(=C)c1ccccc1	C	0	0	1
B=C(C(C)CC)CCCCCCCCCCCC	C	0	0	1
N(C(C)CC)CCCCCCCCCCC	C	0	0	1
N(CC)CCCCCCCCCCCCCCCCCCCCCC	C	0	0	1
S(=O)(=O)[C@](C)([O-])c1ccccccccccccc1	C	0	0	1
I=C(C(C)CC)CCCCCCCCCCCCC	C	0	0	1
O=C(OCCCCCCCC)CCCCCCCC	C	0	0	1
Clc1ccc(C)cc1	C	0	0	1
N(C(C)CC)CCCCCCCCC	C	0	0	1
S=C(C(C)CC)CCCCC	C	0	0	1
B=C(C(C)CC)CCCCCCCCCCCC	C	0	0	1
O=C(OCC(C)CC)CCCCCCC	C	0	0	1
O=C(OCCCCCCCCCCCCCC)CC	C	0	0	1
B=C(CCCCCCCC)CCCCCC	C	0	0	1
C(C)c1ccccc1	C	0	0	1
O=C(OCCC)CCCCCCCCCCCCC	C	0	0	1
O=C(OCCCCCCCC)CCCCCCCCCC	C	0	0	1
S(C(C)CC)CCCCCCCCCCCCCC	C	0	0	1
N(C(C)CC)CCCCCC	C	0	0	1
Oc1ccccccc1	C	0	0	1
[C@@H](C(C)CC)CCC	C	0	0	1
O=C(OCCCCCCC)CCCCCC	C	0	0	1
B=C(CCCCCCCCC)CC	C	0	0	1
P=C(C(CC)CCCCCCCC)CCCCCCCCCCCC	C	0	0	1
N(C(CC)C)CCCCCCCCCCC	C	0	0	1
c1ccc(O)cc1	C	0	0	1
B=C(C(C)CC)CCCCCCCC	C	0	0	1
I(C(C)CC)CCCCCCCCCCCCC	C	0	0	1
B=C(C(C)CC)CCCCCCCC	C	0	0	1
B=C(C(C)CC)CCCCCCCCCCCCCCCC	C	0	0	1
Sc1ccccc1	C	0	0	1
B=C(C(CC)CCCCCCCCC)CC	C	0	0	1
B=C(C(C)CC)CCC	C	0	0	1
[C@H]([C+])(C)CCCCCCCCCC	C	0	0	1
c1ccc(O)cc1	C	0	0	1
N(=C(CCC)C)CCCCCCCCCCCCCCCCCCCCCCCCCCCCCCCCCCCCC	C	0	0	1
S=C(C(C)C)CCCCCCCCCCCCCCCCCCCCCCCCCCC	C	0	0	1
Clc1ccc(C)cc1	C	0	0	1
B=C(C(C)CC)CCCCCCCCCCCCCCCCCCCCCCC	C	0	0	1
N(C(C)CC)CCCCCCCCCCCCCCCCCCCCCCCCCCCCCCCCCCCCCCCCCCCCCCC	C	0	0	1
Clc1c(O)cc(C)cc1	C	0	0	1
P=C(C(C)CC)CCCCCC	C	0	0	1
N(C(C)CC)CCCCCCCCCCCCCC	C	0	0	1
O=C(OCCCCCCCCC)CCCCCCCCCCCCCCCCC	C	0	0	1
S=C(C(CCCC)CCC)CCCCC	C	0	0	1
O=C(OCCCCCCCCCCCC)CCCCCCCC	C	0	0	1
Clc1ccc(C)cc1	C	0	0	1
I(C(C)CC)CCCCCCCCCCCCCCCCCCCCCCCCCCCC	C	0	0	1
O=C([O-])c1ccccc1	C	0	0	1
Clc1C(CCC1)CCCCCCCC	C	0	0	1
O=C(OCCCCCCCCCC)CCCCCCCC	C	0	0	1
N(CC)CCCCCCCCC	C	0	0	1
Clc1ccc(Cl)cc1	C	0	0	1
Clc1c(OC)cc1	C	0	0	1
O=C(OC(C)CC)CCCCCC	C	0	0	1
B=C(C(C)CC)CCCCCCCCCCCCCC	C	0	0	1
O=C(OCCCCC)CCCCC	C	0	0	1
N(C(C)CC)CCCCCC	C	0	0	1
B=C1cccccccccccc1	C	0	0	1
O=C(OCC(C)CC)CCCCCCCCCCCCCC	C	0	0	1
P(C(C)CC)CCCCCCCCCC	C	0	0	1
B=C(C(C)CC)CCCCCCCCCCCCCCCCCCCCCCCCCCCC	C	0	0	1
P(=O)(=C)(C)c1ccccc1	C	0	0	1
B=C(C(C)CCCCCCCCCC)CCCC	C	0	0	1
N(C(C)CC)CCCCCCCCCCC	C	0	0	1
Bc1ccc(C)cc1	C	0	0	1
N(C(C)CC)CCCCCCCCCCCCCCCCCCCCCCCCCCCCCCCCCCCC	C	0	0	1
B=C(C(C)CC(C)CC)CCCCCCC	C	0	0	1
N(C(C)CC)CCCCCC	C	0	0	1
c1ccc(C)cc1	C	0	0	1
N(C(C)CC)CCCCCCCCCCCCCCCCCCC	C	0	0	1
N(C(C)CC)CCCCCCCCCCCCCCCCCCCCCC	C	0	0	1
B=C(C(=O)[C-])c1ccccccccccccccccccc1	C	0	0	1
B=C(C(C)C)c1ccccc1	C	0	0	1
Clc1ccccc1	C	0	0	1
O=C(OCC(C)CC)CCCCCC	C	0	0	1
Clc1c(OC)cc1	C	0	0	1
Clc1c(OC)cc1	C	0	0	1
N(C(C)C)c1ccc(Cl)cc1	C	0	0	1
ClC(CC)CCCCCCCCCCCC	C	0	0	1
O=C(O)CC(CCC)c1ccccc1	C	0	0	1
O=C(OCCCCCCCCCCC)c1ccccc1	C	0	0	1
I=C(C(C)CC)CCCCCCCCCCCC	C	0	0	1
S=C(C(C)CC)CCCCCCC	C	0	0	1
B=C(CCCCCC)CCCCCCC	C	0	0	1
B=C(C(C)CC)CCCCCCCCCCCCCCCCC	C	0	0	1
N(C(C)CC)CCCCCCCC	C	0	0	1
O=C(OCCCCCCCCCCCCCCCCCCCCCC)CCC	C	0	0	1
N(C(C)CC)CCCCCCCCCC	C	0	0	1
N(C(C)CC)CCCCCCCCCCCC	C	0	0	1
B=C(C(C)CC)c1ccccccccccccccccccccccccccccccccccccccccccccccccc1	C	0	0	1
O=C(OCC(C)CC)CCCCCCCCCCCCCCCC	C	0	0	1
N(C(C)CC)CCCCCCCCCCCCC	C	0	0	1
N(C(C)CC)CCCCCCCCCCCCCCC	C	0	0	1
B=C(C(C)CC)CCCCCC	C	0	0	1
B=C(C(C)CC)CCCCCCCCCCCCCCCC	C	0	0	1
O=C([O-])[C@@H]([O-])c1ccccccccccccccccccccccccc1	C	0	0	1
S(=O)([O-])c1ccccccccccc1	C	0	0	1
O=C(OCCCCCC)CCC	C	0	0	1
O=C(OCCCCCCCCCCC)CCCCCCCCCCCCCCC	C	0	0	1
c1ccc(C)cc1	C	0	0	1
Clc1ccc(C)cc1	C	0	0	1
B=C(C(C)CC)CCCCCCCCCCCCCCCCCCCCC	C	0	0	1
Nc1ccc(C)cc1	C	0	0	1
S(=O)(=O)([O-])c1ccc(C)cc1	C	0	0	1
B=C(C(C)CC)CCCCCCCCCCC	C	0	0	1
B=C(C(CCCC)CCCC)CCCCCCCCCCCCCCCCCCCCCCCC	C	0	0	1
ClC(CC)c1ccccc1	C	0	0	1
S(=O)([O-])c1ccccc1	C	0	0	1
O=C(O)CCCCCCCCCCCCCCCCCCCC	C	0	0	1
B=C(C(C)CC)c1ccccc1	C	0	0	1
B=C(CCCCCCCCCCCC)CC	C	0	0	1
I(C(C)CC)CCCCCC	C	0	0	1
S(=O)[C@@H]([C-])c1ccccccccccc1	C	0	0	1
N(C(C)CC)CCCCCCCCCCCCCCC	C	0	0	1
O=C(OCCCCCCC)CCCCC	C	0	0	1
O=C(OC(C)CC)CCCCCCCCCCCCCCCCCCCCCC	C	0	0	1
N(C(C)CC)CCCCCCCCCCCCCCCCCCCCCCCCC	C	0	0	1
S(C(C)CC)CCCCCC	C	0	0	1
S(C(C)CC)CCCCCCCCCCCCCCCCC	C	0	0	1
N(C(=O)[C-])c1ccccc1	C	0	0	1
N(C(C)CC)CCCCCC	C	0	0	1
S(=O)(=C)(C)C(C)c1ccccc1	C	0	0	1
Clc1ccc(C)cc1	C	0	0	1
B=C(C(C)CCCCCCCCCCCCCCCCCCCCCCCCCCCCCCCCCCCCCCCCCCCCCCCCCCCCCCCCCCCCCC)CCCCCCCCCCCCCCCCCCCCCCCCCCCCCCCCCC	C	0	0	1
I(C(C)CC)CCCCCCCCCCC	C	0	0	1
N(C(C)CC)CCCCCCCCC	C	0	0	1
I=C(CCCC)CCCCC	C	0	0	1
Clc1c(O)c(O)ccc(C)cc1	C	0	0	1
P(C(C)CC)CCCCCCCCCCCCCCCCCCCCCCCCCCCC	C	0	0	1
B=C(C(C)CC)CCCC	C	0	0	1
B=C(C(C)CC)CCCCCCCCCCCCC	C	0	0	1
N(C(C)CC)CCCCCCCCCCCCCCCCCCCCC	C	0	0	1
c(C(C)c1)cccc1	C	0	0	1
S(=O)(=C)([O-])c1ccccc(C)cccccc(C)cccccc1	C	0	0	1
N(CC)CCCCCCCCCCCCCCCCCCC	C	0	0	1
ClC(CC)CCCC(C)CCCCCCCCCCCCC	C	0	0	1
O=C(O)CCCCCCCCCCCCCCCCCCCCCCCCCCCCC	C	0	0	1
O=C(OC(COCC)C)CCCCCCCC	C	0	0	1
I(C(C)CC)CCCCCCCCC	C	0	0	1
B=C(OCCCCCCCC)CCCCCCCCCC	C	0	0	1
[C@H](C(C)CC)CCCCCCCCCCCCCCCCCCCCCCC	C	0	0	1
P(=C)(C)C(C)c1ccccc1	C	0	0	1
c1ccc(O)cc1	C	0	0	1
B=C(OCC(C)C)CCCCCCCCCCCC	C	0	0	1
O=C(OC(C)CCCCC)CCCCCCCCCCCCCCCCCCCCCC	C	0	0	1
B=C(C(C)CC)c1ccccc1	C	0	0	1
Clc1ccc(C)cc1	C	0	0	1
ClC(CC)CCCCCCCCCCCCCCCCCCCCCCC	C	0	0	1
N(C(C)CCCC)C	C	0	0	1
I(C(C)CC)CCCCCC	C	0	0	1
B=C(CCCCCC)CCCCCCCC	C	0	0	1
O=C(OCC(C)CC)c1ccccc1	C	0	0	1
c1ccc(C)cc1	C	0	0	1
O=C(OCCCCCCCCCCCC)C	C	0	0	1
B=C(C(C)CC)CCCCCCCCCCCCCCCCCCCCCCCCCC	C	0	0	1
O=C(OCC(C)CC)CCCCCCCC	C	0	0	1
N(C(C)CC)C(C)c1ccccc1	C	0	0	1
c1ccc(C)cc1	C	0	0	1
S(C(C)CC(C)CC)CCCCC	C	0	0	1
B=C(C(C)CCCCCCC)CCCCCCCCCCCCCCCCCCCCCC	C	0	0	1
P=C(C(C)CCCCCCC)CCCC	C	0	0	1
I(=O)([O-])(C)c1ccccc1	C	0	0	1
O=C(OCCCC)CCCCCCCCCCCCCCCCCCCCCCCCCC	C	0	0	1
O=C(OCCC)CCCCCCCC	C	0	0	1
I=C(C(C)CC)c1ccccc1	C	0	0	1
B=C(OC)c1ccccc1	C	0	0	1
N(C(C)CC)CCCCCC	C	0	0	1
[C@@H](C(C)C)CCCCCCCCC	C	0	0	1
Clc1c(O)cccccccccccccccccccc1	C	0	0	1
B=C(CCCC)CCCCCCCCCC	C	0	0	1
I=C(C(C)C)CCCCC	C	0	0	1
B=C(C(C)CC)CCCCCCCCCCC	C	0	0	1
N(C(C)CC)CCC	C	0	0	1
O=C(OCCCCC)CCCCCCCCCCCCC	C	0	0	1
S(C(C)CC)CCCCCCCCCCC	C	0	0	1
ClC(CC)CCCCCCCCCCCCC	C	0	0	1
S(=C)(C)C(C)CCCC	C	0	0	1
B=C(C(CC)CC)CCCCCCCCCCCCCCCCCCCCCCC	C	0	0	1
N(C(C)CC)CCCCCCC	C	0	0	1
O=C(OCCCCCCCCCCC)CCCCCCC	C	0	0	1
Clc1ccccc1	C	0	0	1
O=C(OC)c1ccccc1	C	0	0	1
[C@H]([C@@](C))CCCCCCCCCCCCCCCCCCC	C	0	0	1
N(C(C)CC)CCCCCCCCCCCC	C	0	0	1
S=C(OCCCCC)CCCCCCCCCCCCCCCCCCCCCCCCCCCCCCCCCCCCC	C	0	0	1
P=C(C(C)CCCC)CCCC	C	0	0	1
ClC(CC)CCCCCCCCCCCCCCCCC	C	0	0	1
O=C(O)CC(C)c1ccccc1	C	0	0	1
B=C(C(CC)CC)CCCCCCCCC	C	0	0	1
I(C(C)CC)c1ccc(C)cc1	C	0	0	1
P(=O)(=O)[C@@H]2[C@@H]([C@H]([C@H]2C(C)CC)CCCCCCCCCC)CCCCCCCCCCCCCCCCCCCCCCCCCCCCCC	C	0	0	1
c1ccc(C)cc1	C	0	0	1
c(c1)cccc1	C	0	0	1
N(C(C)C)c1ccccc1	C	0	0	1
B=C(C(C)CC)CCCCCCCC	C	0	0	1
Clc1ccccc1	C	0	0	1
O=C(OOCCCCC(C)CCCC)CCCCCCCCCCCCCCCCCCCCCCCCCCCCCCCCCCCCCCCCCCCCCCCCCCCCCCCC	C	0	0	1
S(=O)(=O)([O-])c1ccccc(C)ccccccccccccccccccccccccc(C)ccccccccccc1	C	0	0	1
O=C(OCCCC)CCCCCC	C	0	0	1
O=C(OCCCCCCCC)CCCCCCC	C	0	0	1
P=C(C(C)CC)CCCCCCCCCCCCCCCC	C	0	0	1
Clc1ccccccccccc1	C	0	0	1
P(=O)(=O)([O-])c1cccccc(C)ccccccccccccccccccccccccccc1	C	0	0	1
[C@H]1[C@@H]([O-])cccc1	C	0	0	1
N(C(C)CC)CCCCCCCCCCCCCCCCCC	C	0	0	1
O=C(O)CCCCCCCCCCCCCCCCCCC	C	0	0	1
O=C(OCCCCCCC)CCCCCCCCCCCCCCCCCCCCC	C	0	0	1
I(=O)(=O)[C-]	C	0	0	1
P(=C(CO)C(C)CC)CCCCCCCCCCCCCCCCCCCCCCCCCCCCCCCCCC	C	0	0	1
O=C(OCCCC)c1ccccc1	C	0	0	1
O=C(OC)c1ccccc1	C	0	0	1
N(C(C)CC)CCCCCCCCCCC	C	0	0	1
O=C(OCCC)CCCCCCCCCCC	C	0	0	1
S(=O)(C)c1ccccc1	C	0	0	1
I(=O)(=C)c1ccccc1	C	0	0	1
O=C(OCCCC)CCCCCC	C	0	0	1
S(C(C)CC)CCCCCCCCCCCCCCC	C	0	0	1
S(=C)(C)C(CCCC)CCCCCCCCCCCCCC	C	0	0	1
B=C(C(C)CC)CCCCCC	C	0	0	1
P=C(O)CC(C)CCCC	C	0	0	1
N(C(C)CC)CCCCCCCCC	C	0	0	1
B=C(C(C)CC)CCCCCCCC	C	0	0	1
O=C(OCCCCCCCC)CCCCC	C	0	0	1
P=C(C(C)CC)CCCCCCCCCC	C	0	0	1
P(=C)(CC)CCCCCCCCCCCCCCCCC	C	0	0	1
N(C(C)CC)CCCCCCC	C	0	0	1
Clc1c(O)cc1	C	0	0	1
P(CC)c1cc(C)cccccccc(CC)c1	C	0	0	1
B=C(C(C)CC)CCCCCCCCCCCCCCCCCCCCCC	C	0	0	1
N(C(C)CC)CCCCCCC	C	0	0	1
N(C(C)CC)CCCCCCCCCCCCCCCCCCCCCC	C	0	0	1
N(C(C)CC)CCCCCC	C	0	0	1
B=C(CC)CCCCCCCCCCCCCCCCCC	C	0	0	1
O=C(OCCCCCC)CCCCCCC	C	0	0	1
O=C(OCCCCCCCCCCC)CCCCCCCCCCCCCCCCCCCCCCCCCCCCCCCCCC	C	0	0	1
I(=O)([O-])c1ccc(C)cc1	C	0	0	1
C(CCCCCCCCCCCCCCCC)CCCCCCCC	C	0	0	1
B=C(C(C)CC)CCCCCCCCCCCC	C	0	0	1
O=C(OCCC)CCCCCCCCCCCCCCCCCCCCCCCC	C	0	0	1
O=C(OCCCCCCC)CCCCCCCC	C	0	0	1
N(C(C)C)c1ccccc1	C	0	0	1
O=C(OCCCCC)CCCCCCCCCCCCCC	C	0	0	1
B=C(C(C)CCCCCC)CCCC	C	0	0	1
S(C(C)CC)CCCCCCCCCCCCCCCCCCCCCCC	C	0	0	1
c(C(C)c1)cccc1	C	0	0	1
N(C(C)CC)c1ccccc1	C	0	0	1
I(=O)(C)c1ccccc1	C	0	0	1
N(C(C)CC)CCCCCCCCCCCCCCCCCC	C	0	0	1
N(C(C)CC)c1ccccccccccccccccccccc1	C	0	0	1
B=C(C(C)CC(C)CCC)C	C	0	0	1
Clc1ccccc1	C	0	0	1
Pc1ccc(C)cc1	C	0	0	1
B=CC(CCC)CCCCCCCCCC	C	0	0	1
Oc1ccc(C)cccc1	C	0	0	1
O=C(OCCCCCCC)CCCCCCCCC	C	0	0	1
B=C(C(C)CC)CCCCCCC	C	0	0	1
O(C(C)CC)CCCCCCC	C	0	0	1
S(=C(C)C)CCCCCCCCCC	C	0	0	1
Clc1ccccc1	C	0	0	1
P(=O)([O-])c1ccccccccccccc1	C	0	0	1
c(C(C)cc1)c1	C	0	0	1
S(=O)([O-])c1ccccc1	C	0	0	1
B=C(C(C)CC)CCCCCCCCC	C	0	0	1
B=C(C(C)C)CCCCCCCCCCC	C	0	0	1
Clc1c(O)C(C)cc1	C	0	0	1
N(C(C)CC)CCCCCCCC	C	0	0	1
N(C(C)CC)c1ccccc1	C	0	0	1
N(C(C)CC)CCCCCCCCCCCCC	C	0	0	1
O=C(OCCCCCCCCCCCCCCCCC)C	C	0	0	1
O=C(OCC(C)CC)C	C	0	0	1
B=C(OCCCCCCCCC)C	C	0	0	1
N(C(C)CC)CCCCCCCCCCCCC	C	0	0	1
O=C(OCCC)CCCCCCCCCCCCCCCCCCCCCCCCCCCCC	C	0	0	1
N(CC)CCCCCCCCCCCCCCCCCCCCCCCCCCCCCC	C	0	0	1
N(C(C)CC)CCCCCCCCC	C	0	0	1
B=C(C(C)CC)CCCCCCCCCCCCCC	C	0	0	1
Clc1c(O)C(C)CC1	C	0	0	1
B=C1cccccccccccccc1	C	0	0	1
B=C(C(C)CC)CCCCCCCCCC	C	0	0	1
c(C(C)c1)cccc1	C	0	0	1
I(C(C)CC)CCCCCCCCCCCCCCC	C	0	0	1
B=C(C(C)CC)CCCCCCCCCCCCCCC	C	0	0	1
O=C(CCCC)CCCCCCCCCCCC	C	0	0	1
O=C(OCCCCC)CCCCCC	C	0	0	1
[C@H]([C@@](C)([C-])CC(C)CC)CCCCC	C	0	0	1
S=C(C(C)CC)CCCCCCC	C	0	0	1
O=C(OCCCCCCCC)CCCCCCCCCCCCCC	C	0	0	1
S=C(C(C)CC)CCCCCCCCCCCCCCCC	C	0	0	1
B=C(C(C)CC)CCCCCCCCCCCCC	C	0	0	1
B=C1cccccccccccccccccccccccc1	C	0	0	1
O=C(OCCCCC(C)CC)CCCCC	C	0	0	1
O=C(OCCCCCCCC)CCCCCCCCCCCC	C	0	0	1
N(C(C)CC)CCCCCCCCC	C	0	0	1
O=C(OCC(C)CC)CCCCCCCCCCCCCCCCCCC	C	0	0	1
O=C(OCCCCCCC)CCCCCCCCCCC	C	0	0	1
B=C(CCCCCCCCCCCC)CCCCCCCCCCCCC	C	0	0	1
B=C(C(C)CC)CCCCCC	C	0	0	1
N(C(C)CC)CCCCCCCCCCC	C	0	0	1
N(C(C)CC)CCCCCCC	C	0	0	1
Bc1ccc(C)cc1	C	0	0	1
S(=C)(C)CCCCCCCCCCCCCCCCC	C	0	0	1
B=C(C(C)CCCCCCCCCC)CCCCCCCCC	C	0	0	1
N(C(C)CCCCC)C	C	0	0	1
O=C(OCCCCC)CCCCCCCCCCCCCCCCCC	C	0	0	1
B=C(C(C)CC)CCCCCCCCCCCCCCCC	C	0	0	1
I=C(C(C)CC(C)C)CCCCCCCCCCC	C	0	0	1
I=C(C(C)C)CCCCCCCCCCCC	C	0	0	1
B=C(CCCCC)CCCCCCCCCCCCCCCCCC	C	0	0	1
P(=O)[C@@H]([O-])c1ccccccccccc1	C	0	0	1
Clc1ccc(C)cc1	C	0	0	1
S=C(C(C)CC)CCCCCCCCCCCCCCCCCCCCCCCCCCCCCCCCCCCCCCCCCCCCCCCCCCCC	C	0	0	1
S(=O)c1ccccc1	C	0	0	1
c(C(C)c1)cccc1	C	0	0	1
Clc1ccc(C)cc1	C	0	0	1
O=C(OC(C)CC)CCCCCCCCCCCCCCCCCCCCCCCCCCCCCCCCCCC	C	0	0	1
S=C(C(C)CC)CCCCCCCC	C	0	0	1
B=C(C(C)CC)CCCCCCCCCCCCCCCCCCC	C	0	0	1
B=C(C(C)CC)CCCCCCCCC	C	0	0	1
Clc1c(O)cccccccccc1	C	0	0	1
N(C(C)CC)CCCCCC	C	0	0	1
I(C(C)CC)CCCCCCCCCCCCCCCCCCCCCCCCCCCCCCCCCCCCCCCCCCCCCCCCCCCC	C	0	0	1
N(C(C)CC)CCCCCCCCCCCCCCCCCCC	C	0	0	1
N(C(C)CC)CCCCCCCCCCCCCCCCCCCCCCCCCCCCCCCC	C	0	0	1
Clc1c(Cl)cc1	C	0	0	1
P(=O)([O-])c1ccccc1	C	0	0	1
B=C(C(C)CC)CCCCCCCCCCCCC	C	0	0	1
O(C(C)CC)CCCCCCCCCCCCCC	C	0	0	1
P(=O)(=C)c1ccccc1	C	0	0	1
I(C(C)C)c1ccccc1	C	0	0	1
ClC(CC)CCCCCCCCCCCCCCCCCCCCCCCCC	C	0	0	1
P(C(C)CC)CCCCCCCCCCCCCCCCC	C	0	0	1
Clc1c(OC)cc1	C	0	0	1
I(=O)c1ccccccccccccccccccccccccccccc1	C	0	0	1
B=C(C(C)C)CCCCCCCCCCCCCC	C	0	0	1
N(C(C)CC)CCCCCCCC	C	0	0	1
O=C(OCCCCCCCCC)CCCCC	C	0	0	1
N(C(C)CC)CCCCCCCCCCCCCCCCCCC	C	0	0	1
Clc1c(OC)cc1	C	0	0	1
ClC(CC)CCCCCCCCCCCCC	C	0	0	1
N(C(C)CC)CCCCCCCCCCC	C	0	0	1
B=C(C(C)CC)CCCCCCCCCCCCCCCCCCCCCCCCCCCCCCCCCCCCC	C	0	0	1
c(c1)cccc1	C	0	0	1
c1ccc(C)cc1	C	0	0	1
I(=O)c1ccccccccccccc1	C	0	0	1
O=C(OCCCCCCCCC)CCCC	C	0	0	1
S(C(C)CC)CCCCCCCCCCCCCCCCCCCCCCCCCCCCCCCCCCCCCCCCCC	C	0	0	1
N(C(C)CC)CCCCCCCC	C	0	0	1
c1ccc(O)cc1	C	0	0	1
Clc1c(OC)cc1	C	0	0	1
O=C(OCCC)CCCCCCCCCCCCCC	C	0	0	1
O=[N+](C)CCCCCCCCCCCCC	C	0	0	1
N(C(C)CCCCCCC)CC	C	0	0	1
B=C(C(C)CC)c1ccccc1	C	0	0	1
N(CC(CCC)CCCCC)CCCCCCCCCCCCCCCCCCCCCCCCCCCCCCCCCCCC	C	0	0	1
N(C(C)C)c1ccccc1	C	0	0	1
S(C(C)CC)CCCCCCCCCCCCCCC	C	0	0	1
I(=C(C)CC(C)C)CCCCCCCCCCCCCCCCCCCC	C	0	0	1
N(C(C)CC)CCCCCCCCCCCC	C	0	0	1
Clc1c(OC)cc1	C	0	0	1
P(CC)c1ccccc1	C	0	0	1
O=C1cccccccccccccccccccccccccccccccccccccccc1	C	0	0	1
[C@H]([O-])c1ccccccccccccccccccc1	C	0	0	1
ClC(CC)CCCCC	C	0	0	1
O=C(OC(C)CC)CCCCCCCCCCCCCCCCC	C	0	0	1
